Data_source	SRR_id	library_id	Study_id	Protocol	Cell_source	Material	Description	short_description	Processing	Library_type	Bases	read_length_bp	Spotlength	Sex	In_paper	ftp_links	Paper_DOI
LIANTI 2017	SRR5365359	SRR5365359	PRJNA379710	Rubicon	BJ	single cell	MALBAC-like (Rubicon) Single Cell R9	Rubicon_R9	Standard	PAIRED	85907149800		300	male	F	ftp.sra.ebi.ac.uk/vol1/fastq/SRR536/009/SRR5365359/SRR5365359_1.fastq.gz;ftp.sra.ebi.ac.uk/vol1/fastq/SRR536/009/SRR5365359/SRR5365359_2.fastq.gz	10.1126/science.aak9787
LIANTI 2017	SRR5365360	SRR5365360	PRJNA379710	Rubicon	BJ	single cell	MALBAC-like (Rubicon) Single Cell R7	Rubicon_R7	Standard	PAIRED	82475076300		300	male	F	ftp.sra.ebi.ac.uk/vol1/fastq/SRR536/000/SRR5365360/SRR5365360_1.fastq.gz;ftp.sra.ebi.ac.uk/vol1/fastq/SRR536/000/SRR5365360/SRR5365360_2.fastq.gz	10.1126/science.aak9787
LIANTI 2017	SRR5365361	SRR5365361	PRJNA379710	Rubicon	BJ	single cell	MALBAC-like (Rubicon) Single Cell R3	Rubicon_R3	Standard	PAIRED	81525979200		300	male	F	ftp.sra.ebi.ac.uk/vol1/fastq/SRR536/001/SRR5365361/SRR5365361_1.fastq.gz;ftp.sra.ebi.ac.uk/vol1/fastq/SRR536/001/SRR5365361/SRR5365361_2.fastq.gz	10.1126/science.aak9787
LIANTI 2017	SRR5365362	SRR5365362	PRJNA379710	MDA	BJ	single cell	MDA (GE) Single Cell GE10	GE_GE10	Standard	PAIRED	90522938100		300	male	F	ftp.sra.ebi.ac.uk/vol1/fastq/SRR536/002/SRR5365362/SRR5365362_1.fastq.gz;ftp.sra.ebi.ac.uk/vol1/fastq/SRR536/002/SRR5365362/SRR5365362_2.fastq.gz	10.1126/science.aak9787
LIANTI 2017	SRR5365363	SRR5365363	PRJNA379710	MDA	BJ	single cell	MDA (GE) Single Cell GE4	GE_GE4	Standard	PAIRED	128899253400		300	male	F	ftp.sra.ebi.ac.uk/vol1/fastq/SRR536/003/SRR5365363/SRR5365363_1.fastq.gz;ftp.sra.ebi.ac.uk/vol1/fastq/SRR536/003/SRR5365363/SRR5365363_2.fastq.gz	10.1126/science.aak9787
LIANTI 2017	SRR5365364	SRR5365364	PRJNA379710	MDA	BJ	single cell	MDA (GE) Single Cell GE2	GE_GE2	Standard	PAIRED	95793742500		300	male	F	ftp.sra.ebi.ac.uk/vol1/fastq/SRR536/004/SRR5365364/SRR5365364_1.fastq.gz;ftp.sra.ebi.ac.uk/vol1/fastq/SRR536/004/SRR5365364/SRR5365364_2.fastq.gz	10.1126/science.aak9787
LIANTI 2017	SRR5365365	SRR5365365	PRJNA379710	DOP-PCR	BJ	single cell	DOP-PCR (Sigma) Single Cell S5	Sigma_S5	Standard	PAIRED	86497132800		300	male	T	ftp.sra.ebi.ac.uk/vol1/fastq/SRR536/005/SRR5365365/SRR5365365_1.fastq.gz;ftp.sra.ebi.ac.uk/vol1/fastq/SRR536/005/SRR5365365/SRR5365365_2.fastq.gz	10.1126/science.aak9787
LIANTI 2017	SRR5365366	SRR5365366	PRJNA379710	DOP-PCR	BJ	single cell	DOP-PCR (Sigma) Single Cell S4	Sigma_S4	Standard	PAIRED	82298530200		300	male	T	ftp.sra.ebi.ac.uk/vol1/fastq/SRR536/006/SRR5365366/SRR5365366_1.fastq.gz;ftp.sra.ebi.ac.uk/vol1/fastq/SRR536/006/SRR5365366/SRR5365366_2.fastq.gz	10.1126/science.aak9787
LIANTI 2017	SRR5365367	SRR5365367	PRJNA379710	DOP-PCR	BJ	single cell	DOP-PCR (Sigma) Single Cell S3	Sigma_S3	Standard	PAIRED	82783317000		300	male	T	ftp.sra.ebi.ac.uk/vol1/fastq/SRR536/007/SRR5365367/SRR5365367_1.fastq.gz;ftp.sra.ebi.ac.uk/vol1/fastq/SRR536/007/SRR5365367/SRR5365367_2.fastq.gz	10.1126/science.aak9787
LIANTI 2017	SRR5365368	SRR5365368	PRJNA379710	MALBAC	BJ	single cell	MALBAC (Yikon) Single Cell YK5	Yikon_YK5	Standard	PAIRED	96310353000		300	male	T	ftp.sra.ebi.ac.uk/vol1/fastq/SRR536/008/SRR5365368/SRR5365368_1.fastq.gz;ftp.sra.ebi.ac.uk/vol1/fastq/SRR536/008/SRR5365368/SRR5365368_2.fastq.gz	10.1126/science.aak9787
LIANTI 2017	SRR5365369	SRR5365369	PRJNA379710	MALBAC	BJ	single cell	MALBAC (Yikon) Single Cell YK2	Yikon_YK2	Standard	PAIRED	95609694000		300	male	T	ftp.sra.ebi.ac.uk/vol1/fastq/SRR536/009/SRR5365369/SRR5365369_1.fastq.gz;ftp.sra.ebi.ac.uk/vol1/fastq/SRR536/009/SRR5365369/SRR5365369_2.fastq.gz	10.1126/science.aak9787
LIANTI 2017	SRR5365370	SRR5365370	PRJNA379710	MALBAC	BJ	single cell	MALBAC (Yikon) Single Cell YK1	Yikon_YK1	Standard	PAIRED	91247415600		300	male	T	ftp.sra.ebi.ac.uk/vol1/fastq/SRR536/000/SRR5365370/SRR5365370_1.fastq.gz;ftp.sra.ebi.ac.uk/vol1/fastq/SRR536/000/SRR5365370/SRR5365370_2.fastq.gz	10.1126/science.aak9787
LIANTI 2017	SRR5365371	SRR5365371	PRJNA379710	MDA	BJ	single cell	MDA (Qiagen) Single Cell Q9	Qiagen_Q9	Standard	PAIRED	89677571400		300	male	T	ftp.sra.ebi.ac.uk/vol1/fastq/SRR536/001/SRR5365371/SRR5365371_1.fastq.gz;ftp.sra.ebi.ac.uk/vol1/fastq/SRR536/001/SRR5365371/SRR5365371_2.fastq.gz	10.1126/science.aak9787
LIANTI 2017	SRR5365372	SRR5365372	PRJNA379710	MDA	BJ	single cell	MDA (Qiagen) Single Cell Q5	Qiagen_Q5	Standard	PAIRED	83703293700		300	male	T	ftp.sra.ebi.ac.uk/vol1/fastq/SRR536/002/SRR5365372/SRR5365372_1.fastq.gz;ftp.sra.ebi.ac.uk/vol1/fastq/SRR536/002/SRR5365372/SRR5365372_2.fastq.gz	10.1126/science.aak9787
LIANTI 2017	SRR5365373	SRR5365373	PRJNA379710	MDA	BJ	single cell	MDA (Qiagen) Single Cell Q1	Qiagen_Q1	Standard	PAIRED	81774644100		300	male	T	ftp.sra.ebi.ac.uk/vol1/fastq/SRR536/003/SRR5365373/SRR5365373_1.fastq.gz;ftp.sra.ebi.ac.uk/vol1/fastq/SRR536/003/SRR5365373/SRR5365373_2.fastq.gz	10.1126/science.aak9787
LIANTI 2017	SRR5365374	SRR5365374	PRJNA379710	LIANTI	BJ	single cell	LIANTI Single Cell BJ3	LIANTI_BJ3	LIANTI	PAIRED	64757529750		250	male	T	ftp.sra.ebi.ac.uk/vol1/fastq/SRR536/004/SRR5365374/SRR5365374_1.fastq.gz;ftp.sra.ebi.ac.uk/vol1/fastq/SRR536/004/SRR5365374/SRR5365374_2.fastq.gz	10.1126/science.aak9787
LIANTI 2017	SRR5365375	SRR5365375	PRJNA379710	LIANTI	BJ	single cell	LIANTI Single Cell BJ2	LIANTI_BJ2	LIANTI	PAIRED	98907901500		300	male	T	ftp.sra.ebi.ac.uk/vol1/fastq/SRR536/005/SRR5365375/SRR5365375_1.fastq.gz;ftp.sra.ebi.ac.uk/vol1/fastq/SRR536/005/SRR5365375/SRR5365375_2.fastq.gz	10.1126/science.aak9787
LIANTI 2017	SRR5365376	SRR5365376	PRJNA379710	LIANTI	BJ	single cell	LIANTI Single Cell BJ1	LIANTI_BJ1	LIANTI	PAIRED	85779794000		250	male	T	ftp.sra.ebi.ac.uk/vol1/fastq/SRR536/006/SRR5365376/SRR5365376_1.fastq.gz;ftp.sra.ebi.ac.uk/vol1/fastq/SRR536/006/SRR5365376/SRR5365376_2.fastq.gz	10.1126/science.aak9787
LIANTI 2017	SRR5365377	SRR5365377	PRJNA379710	Bulk	BJ	gDNA	Bulk 2	Bulk_2	Standard	PAIRED	137921005000		250	male	F	ftp.sra.ebi.ac.uk/vol1/fastq/SRR536/007/SRR5365377/SRR5365377_1.fastq.gz;ftp.sra.ebi.ac.uk/vol1/fastq/SRR536/007/SRR5365377/SRR5365377_2.fastq.gz	10.1126/science.aak9787
LIANTI 2017	SRR5365378	SRR5365378	PRJNA379710	Bulk	BJ	gDNA	Bulk 1	Bulk_1	Standard	PAIRED	115966614750		250	male	T	ftp.sra.ebi.ac.uk/vol1/fastq/SRR536/008/SRR5365378/SRR5365378_1.fastq.gz;ftp.sra.ebi.ac.uk/vol1/fastq/SRR536/008/SRR5365378/SRR5365378_2.fastq.gz	10.1126/science.aak9787
Trueprime 2016	SRR4159313	SRR4159313	PRJNA341815	MDA_Trueprime	HEK293	single cell	Trueprime MDA	Trueprime_TP	Standard	PAIRED	61454362250		250	female	T	ftp.sra.ebi.ac.uk/vol1/fastq/SRR415/003/SRR4159313/SRR4159313_1.fastq.gz;ftp.sra.ebi.ac.uk/vol1/fastq/SRR415/003/SRR4159313/SRR4159313_2.fastq.gz	10.1038/ncomms13296
Trueprime 2016	SRR4159314	SRR4159314	PRJNA341815	MDA	HEK293	single cell	Standard MDA	MDA_TP	Standard	PAIRED	59706408384		252	female	F	ftp.sra.ebi.ac.uk/vol1/fastq/SRR415/004/SRR4159314/SRR4159314_1.fastq.gz;ftp.sra.ebi.ac.uk/vol1/fastq/SRR415/004/SRR4159314/SRR4159314_2.fastq.gz	10.1038/ncomms13296
Trueprime 2016	SRR4159315	SRR4159315	PRJNA341815	MALBAC	HEK293	single cell	MALBAC	Malbac_TP	Standard	PAIRED	58294056240		252	female	F	ftp.sra.ebi.ac.uk/vol1/fastq/SRR415/005/SRR4159315/SRR4159315_1.fastq.gz;ftp.sra.ebi.ac.uk/vol1/fastq/SRR415/005/SRR4159315/SRR4159315_2.fastq.gz	10.1038/ncomms13296
Trueprime 2016	SRR4159317	SRR4159317	PRJNA341815	Bulk	HEK293	gDNA	Bulk genomic DNA	Bulk_TP	Standard	PAIRED	61845897250		250	female	T	ftp.sra.ebi.ac.uk/vol1/fastq/SRR415/007/SRR4159317/SRR4159317_1.fastq.gz;ftp.sra.ebi.ac.uk/vol1/fastq/SRR415/007/SRR4159317/SRR4159317_2.fastq.gz	10.1038/ncomms13296
TnBC 2017	SRR5590279	SRR5590279	PRJNA350295	TnBC	GM01202	single cell	GM01202_Cell12	TnBC_GM12	Standard	PAIRED	655860238	100	97	male	T	ftp.sra.ebi.ac.uk/vol1/fastq/SRR559/009/SRR5590279/SRR5590279_1.fastq.gz;ftp.sra.ebi.ac.uk/vol1/fastq/SRR559/009/SRR5590279/SRR5590279_2.fastq.gz	10.1371/journal.pone.0181163
TnBC 2017	SRR5590280	SRR5590280	PRJNA350295	TnBC	GM01202	single cell	GM01202_Cell11	TnBC_GM11	Standard	PAIRED	53580185	100	93	male	T	ftp.sra.ebi.ac.uk/vol1/fastq/SRR559/000/SRR5590280/SRR5590280_1.fastq.gz;ftp.sra.ebi.ac.uk/vol1/fastq/SRR559/000/SRR5590280/SRR5590280_2.fastq.gz	10.1371/journal.pone.0181163
TnBC 2017	SRR5590281	SRR5590281	PRJNA350295	TnBC	GM01202	single cell	GM01202_Cell10	TnBC_GM10	Standard	PAIRED	111169966	100	94	male	T	ftp.sra.ebi.ac.uk/vol1/fastq/SRR559/001/SRR5590281/SRR5590281_1.fastq.gz;ftp.sra.ebi.ac.uk/vol1/fastq/SRR559/001/SRR5590281/SRR5590281_2.fastq.gz	10.1371/journal.pone.0181163
TnBC 2017	SRR5590282	SRR5590282	PRJNA350295	TnBC	GM01202	single cell	GM01202_Cell9	TnBC_GM9	Standard	PAIRED	88234292	100	94	male	T	ftp.sra.ebi.ac.uk/vol1/fastq/SRR559/002/SRR5590282/SRR5590282_1.fastq.gz;ftp.sra.ebi.ac.uk/vol1/fastq/SRR559/002/SRR5590282/SRR5590282_2.fastq.gz	10.1371/journal.pone.0181163
TnBC 2017	SRR5590283	SRR5590283	PRJNA350295	TnBC	K562	single cell	Single K562	TnBC_K562	Standard	PAIRED	64251436	100	99	female	T	ftp.sra.ebi.ac.uk/vol1/fastq/SRR559/003/SRR5590283/SRR5590283_1.fastq.gz;ftp.sra.ebi.ac.uk/vol1/fastq/SRR559/003/SRR5590283/SRR5590283_2.fastq.gz	10.1371/journal.pone.0181163
TnBC 2017	SRR5590284	SRR5590284	PRJNA350295	TnBC	GM01202	single cell	GM01202_Cell14	TnBC_GM14	Standard	PAIRED	87517709	100	95	male	T	ftp.sra.ebi.ac.uk/vol1/fastq/SRR559/004/SRR5590284/SRR5590284_1.fastq.gz;ftp.sra.ebi.ac.uk/vol1/fastq/SRR559/004/SRR5590284/SRR5590284_2.fastq.gz	10.1371/journal.pone.0181163
TnBC 2017	SRR5590285	SRR5590285	PRJNA350295	TnBC	GM01202	single cell	GM01202_Cell13	TnBC_GM13	Standard	PAIRED	279423907	100	90	male	T	ftp.sra.ebi.ac.uk/vol1/fastq/SRR559/005/SRR5590285/SRR5590285_1.fastq.gz;ftp.sra.ebi.ac.uk/vol1/fastq/SRR559/005/SRR5590285/SRR5590285_2.fastq.gz	10.1371/journal.pone.0181163
TnBC 2017	SRR5590286	SRR5590286	PRJNA350295	TnBC	GM01202	single cell	GM01202_Cell8	TnBC_GM8	Standard	PAIRED	105731148	100	95	male	T	ftp.sra.ebi.ac.uk/vol1/fastq/SRR559/006/SRR5590286/SRR5590286_1.fastq.gz;ftp.sra.ebi.ac.uk/vol1/fastq/SRR559/006/SRR5590286/SRR5590286_2.fastq.gz	10.1371/journal.pone.0181163
TnBC 2017	SRR5590287	SRR5590287	PRJNA350295	TnBC	GM01202	single cell	GM01202_Cell7	TnBC_GM7	Standard	PAIRED	252125923	100	99	male	T	ftp.sra.ebi.ac.uk/vol1/fastq/SRR559/007/SRR5590287/SRR5590287_1.fastq.gz;ftp.sra.ebi.ac.uk/vol1/fastq/SRR559/007/SRR5590287/SRR5590287_2.fastq.gz	10.1371/journal.pone.0181163
TnBC 2017	SRR5590288	SRR5590288	PRJNA350295	TnBC	BJ	single cell	Normal male  single cell	TnBC_BJ	Standard	PAIRED	203627418	100	99	male	T	ftp.sra.ebi.ac.uk/vol1/fastq/SRR559/008/SRR5590288/SRR5590288_1.fastq.gz;ftp.sra.ebi.ac.uk/vol1/fastq/SRR559/008/SRR5590288/SRR5590288_2.fastq.gz	10.1371/journal.pone.0181163
TnBC 2017	SRR5590289	SRR5590289	PRJNA350295	TnBC	NA	gDNA	Normal male DNA	TnBC_dna	Standard	PAIRED	226146819	100	99	male	F	ftp.sra.ebi.ac.uk/vol1/fastq/SRR559/009/SRR5590289/SRR5590289_1.fastq.gz;ftp.sra.ebi.ac.uk/vol1/fastq/SRR559/009/SRR5590289/SRR5590289_2.fastq.gz	10.1371/journal.pone.0181163
TnBC 2017	SRR5590290	SRR5590290	PRJNA350295	TnBC	GM01202	single cell	GM01202_Cell2	TnBC_GM2	Standard	PAIRED	93549165	100	99	male	T	ftp.sra.ebi.ac.uk/vol1/fastq/SRR559/000/SRR5590290/SRR5590290_1.fastq.gz;ftp.sra.ebi.ac.uk/vol1/fastq/SRR559/000/SRR5590290/SRR5590290_2.fastq.gz	10.1371/journal.pone.0181163
TnBC 2017	SRR5590291	SRR5590291	PRJNA350295	TnBC	GM01202	single cell	GM01202_Cell1	TnBC_GM1	Standard	PAIRED	100741220	100	99	male	T	ftp.sra.ebi.ac.uk/vol1/fastq/SRR559/001/SRR5590291/SRR5590291_1.fastq.gz;ftp.sra.ebi.ac.uk/vol1/fastq/SRR559/001/SRR5590291/SRR5590291_2.fastq.gz	10.1371/journal.pone.0181163
TnBC 2017	SRR5590292	SRR5590292	PRJNA350295	TnBC	GM01202	single cell	GM01202_Cell4	TnBC_GM4	Standard	PAIRED	54663321	100	99	male	T	ftp.sra.ebi.ac.uk/vol1/fastq/SRR559/002/SRR5590292/SRR5590292_1.fastq.gz;ftp.sra.ebi.ac.uk/vol1/fastq/SRR559/002/SRR5590292/SRR5590292_2.fastq.gz	10.1371/journal.pone.0181163
TnBC 2017	SRR5590293	SRR5590293	PRJNA350295	TnBC	GM01202	single cell	GM01202_Cell3	TnBC_GM3	Standard	PAIRED	115676209	100	99	male	T	ftp.sra.ebi.ac.uk/vol1/fastq/SRR559/003/SRR5590293/SRR5590293_1.fastq.gz;ftp.sra.ebi.ac.uk/vol1/fastq/SRR559/003/SRR5590293/SRR5590293_2.fastq.gz	10.1371/journal.pone.0181163
TnBC 2017	SRR5590294	SRR5590294	PRJNA350295	TnBC	GM01202	single cell	GM01202_Cell6	TnBC_GM6	Standard	PAIRED	51228114	100	99	male	T	ftp.sra.ebi.ac.uk/vol1/fastq/SRR559/004/SRR5590294/SRR5590294_1.fastq.gz;ftp.sra.ebi.ac.uk/vol1/fastq/SRR559/004/SRR5590294/SRR5590294_2.fastq.gz	10.1371/journal.pone.0181163
TnBC 2017	SRR5590295	SRR5590295	PRJNA350295	TnBC	GM01202	single cell	GM01202_Cell5	TnBC_GM5	Standard	PAIRED	66018904	100	99	male	T	ftp.sra.ebi.ac.uk/vol1/fastq/SRR559/005/SRR5590295/SRR5590295_1.fastq.gz;ftp.sra.ebi.ac.uk/vol1/fastq/SRR559/005/SRR5590295/SRR5590295_2.fastq.gz	10.1371/journal.pone.0181163
10X sample set		tenx-ACAGCCGAGCGTGAAC		10X	BJ	single cell	ACAGCCGAGCGTGAAC-1	tenx_1	10x	PAIRED		100		male	T	http://s3-us-west-2.amazonaws.com/10x.files/samples/cell-dna/1.0.0/bj_mkn45_10pct/bj_mkn45_10pct_possorted_bam.bam	https://support.10xgenomics.com/single-cell-dna/datasets
10X sample set		tenx-ACGCCAGGTGGCCACT		10X	BJ	single cell	ACGCCAGGTGGCCACT-1	tenx_2	10x	PAIRED		100		male	T	http://s3-us-west-2.amazonaws.com/10x.files/samples/cell-dna/1.0.0/bj_mkn45_10pct/bj_mkn45_10pct_possorted_bam.bam	https://support.10xgenomics.com/single-cell-dna/datasets
10X sample set		tenx-ATCATGGAGACAGGCT		10X	BJ	single cell	ATCATGGAGACAGGCT-1	tenx_3	10x	PAIRED		100		male	T	http://s3-us-west-2.amazonaws.com/10x.files/samples/cell-dna/1.0.0/bj_mkn45_10pct/bj_mkn45_10pct_possorted_bam.bam	https://support.10xgenomics.com/single-cell-dna/datasets
10X sample set		tenx-ATGTGTGCAGTGTGGA		10X	BJ	single cell	ATGTGTGCAGTGTGGA-1	tenx_4	10x	PAIRED		100		male	T	http://s3-us-west-2.amazonaws.com/10x.files/samples/cell-dna/1.0.0/bj_mkn45_10pct/bj_mkn45_10pct_possorted_bam.bam	https://support.10xgenomics.com/single-cell-dna/datasets
10X sample set		tenx-CCTTTCTCAGCGTACC		10X	BJ	single cell	CCTTTCTCAGCGTACC-1	tenx_5	10x	PAIRED		100		male	T	http://s3-us-west-2.amazonaws.com/10x.files/samples/cell-dna/1.0.0/bj_mkn45_10pct/bj_mkn45_10pct_possorted_bam.bam	https://support.10xgenomics.com/single-cell-dna/datasets
10X sample set		tenx-CTTAGGAAGACGCACA		10X	BJ	single cell	CTTAGGAAGACGCACA-1	tenx_6	10x	PAIRED		100		male	T	http://s3-us-west-2.amazonaws.com/10x.files/samples/cell-dna/1.0.0/bj_mkn45_10pct/bj_mkn45_10pct_possorted_bam.bam	https://support.10xgenomics.com/single-cell-dna/datasets
10X sample set		tenx-GCTCCTATCTAAGACC		10X	BJ	single cell	GCTCCTATCTAAGACC-1	tenx_7	10x	PAIRED		100		male	T	http://s3-us-west-2.amazonaws.com/10x.files/samples/cell-dna/1.0.0/bj_mkn45_10pct/bj_mkn45_10pct_possorted_bam.bam	https://support.10xgenomics.com/single-cell-dna/datasets
10X sample set		tenx-GTACTCCAGATATGCA		10X	BJ	single cell	GTACTCCAGATATGCA-1	tenx_8	10x	PAIRED		100		male	T	http://s3-us-west-2.amazonaws.com/10x.files/samples/cell-dna/1.0.0/bj_mkn45_10pct/bj_mkn45_10pct_possorted_bam.bam	https://support.10xgenomics.com/single-cell-dna/datasets
10X sample set		tenx-GTTCTCGCAAAGTAAC		10X	BJ	single cell	GTTCTCGCAAAGTAAC-1	tenx_9	10x	PAIRED		100		male	T	http://s3-us-west-2.amazonaws.com/10x.files/samples/cell-dna/1.0.0/bj_mkn45_10pct/bj_mkn45_10pct_possorted_bam.bam	https://support.10xgenomics.com/single-cell-dna/datasets
10X sample set		tenx-TTGGCAAGTTAGTGAA		10X	BJ	single cell	TTGGCAAGTTAGTGAA-1	tenx_10	10x	PAIRED		100		male	T	http://s3-us-west-2.amazonaws.com/10x.files/samples/cell-dna/1.0.0/bj_mkn45_10pct/bj_mkn45_10pct_possorted_bam.bam	https://support.10xgenomics.com/single-cell-dna/datasets